[{
        "id": 1,
        "ratingAgencyId": 1,
        "disclaimerText": "I am in Moody's",
        "isHidden": true
    },
    {
        "id": 2,
        "ratingAgencyId": 2,
        "disclaimerText": "I am in S & p",
        "isHidden": true
    },
    {
        "id": 3,
        "ratingAgencyId": 3,
        "disclaimerText": "I am in Fitch",
        "isHidden": true
    },
    {
        "id": 4,
        "ratingAgencyId": 4,
        "disclaimerText": "I am in A.M. BEST",
        "isHidden": true
    },
    {
        "id": 5,
        "ratingAgencyId": 5,
        "disclaimerText": "I am in WTW",
        "isHidden": true
    }
]